run_id,architecture,runtime,concurrency,hardware,os,runtime_version,startup_ms,latency_p50_ms,latency_p95_ms,latency_p99_ms,rps,memory_mb,cpu_percent,energy_joules,timestamp
demo_run_01,x86-64,Native,10,Demo Hardware Node A,Simulated OS,Demo Engine 1.0,400.0,25.0,35.0,45.0,250.0,180.0,40.0,,2026-01-01T00:00:00Z
demo_run_02,x86-64,Native,10,Demo Hardware Node A,Simulated OS,Demo Engine 1.0,410.0,26.0,36.0,46.0,245.0,182.0,41.0,,2026-01-01T00:01:00Z
demo_run_01,x86-64,Native,100,Demo Hardware Node A,Simulated OS,Demo Engine 1.0,400.0,40.0,60.0,80.0,1700.0,210.0,80.0,,2026-01-01T00:02:00Z
demo_run_02,x86-64,Native,100,Demo Hardware Node A,Simulated OS,Demo Engine 1.0,408.0,41.0,61.0,82.0,1680.0,212.0,81.0,,2026-01-01T00:03:00Z
demo_run_01,x86-64,Docker / OCI,10,Demo Hardware Node A,Simulated OS,Demo Engine 1.0,850.0,30.0,42.0,55.0,230.0,330.0,45.0,,2026-01-01T00:04:00Z
demo_run_02,x86-64,Docker / OCI,10,Demo Hardware Node A,Simulated OS,Demo Engine 1.0,865.0,31.0,43.0,56.0,225.0,335.0,46.0,,2026-01-01T00:05:00Z
demo_run_01,x86-64,Docker / OCI,100,Demo Hardware Node A,Simulated OS,Demo Engine 1.0,850.0,48.0,72.0,95.0,1600.0,380.0,85.0,,2026-01-01T00:06:00Z
demo_run_02,x86-64,Docker / OCI,100,Demo Hardware Node A,Simulated OS,Demo Engine 1.0,860.0,49.0,73.0,97.0,1580.0,385.0,86.0,,2026-01-01T00:07:00Z
demo_run_01,x86-64,WebAssembly,10,Demo Hardware Node A,Simulated OS,Demo Engine 1.0,50.0,24.0,33.0,43.0,270.0,55.0,35.0,,2026-01-01T00:08:00Z
demo_run_02,x86-64,WebAssembly,10,Demo Hardware Node A,Simulated OS,Demo Engine 1.0,52.0,25.0,34.0,44.0,265.0,56.0,36.0,,2026-01-01T00:09:00Z
demo_run_01,x86-64,WebAssembly,100,Demo Hardware Node A,Simulated OS,Demo Engine 1.0,50.0,36.0,54.0,74.0,1850.0,70.0,75.0,,2026-01-01T00:10:00Z
demo_run_02,x86-64,WebAssembly,100,Demo Hardware Node A,Simulated OS,Demo Engine 1.0,51.0,37.0,55.0,75.0,1830.0,71.0,76.0,,2026-01-01T00:11:00Z
demo_run_01,ARM64,Native,10,Demo Edge Device B,Simulated OS,Demo Engine 1.0,700.0,60.0,85.0,110.0,110.0,155.0,50.0,4.0,2026-01-01T00:12:00Z
demo_run_02,ARM64,Native,10,Demo Edge Device B,Simulated OS,Demo Engine 1.0,710.0,61.0,86.0,112.0,108.0,157.0,51.0,4.1,2026-01-01T00:13:00Z
demo_run_01,ARM64,Docker / OCI,10,Demo Edge Device B,Simulated OS,Demo Engine 1.0,1200.0,68.0,92.0,120.0,105.0,300.0,58.0,6.0,2026-01-01T00:14:00Z
demo_run_02,ARM64,Docker / OCI,10,Demo Edge Device B,Simulated OS,Demo Engine 1.0,1220.0,69.0,94.0,122.0,102.0,305.0,59.0,6.1,2026-01-01T00:15:00Z
demo_run_01,ARM64,WebAssembly,10,Demo Edge Device B,Simulated OS,Demo Engine 1.0,60.0,58.0,76.0,98.0,125.0,48.0,44.0,3.2,2026-01-01T00:16:00Z
demo_run_02,ARM64,WebAssembly,10,Demo Edge Device B,Simulated OS,Demo Engine 1.0,62.0,59.0,78.0,100.0,122.0,49.0,45.0,3.3,2026-01-01T00:17:00Z
